<PAMDataset>
  <Metadata>
    <MDI key="DataType">Generic</MDI>
  </Metadata>
  <Metadata domain="Esri">
    <MDI key="PyramidResamplingType">NEAREST</MDI>
  </Metadata>
  <PAMRasterBand band="1">
    <Histograms>
      <HistItem>
        <HistMin>-0.5</HistMin>
        <HistMax>9.5</HistMax>
        <BucketCount>10</BucketCount>
        <IncludeOutOfRange>1</IncludeOutOfRange>
        <Approximate>0</Approximate>
        <HistCounts>0|73358|191734|208588|152940|106345|77458|75507|106308|68200</HistCounts>
      </HistItem>
    </Histograms>
    <GDALRasterAttributeTable>
      <FieldDefn index="0">
        <Name>Rowid</Name>
        <Type>0</Type>
        <Usage>0</Usage>
      </FieldDefn>
      <FieldDefn index="1">
        <Name>VALUE</Name>
        <Type>0</Type>
        <Usage>0</Usage>
      </FieldDefn>
      <FieldDefn index="2">
        <Name>COUNT</Name>
        <Type>0</Type>
        <Usage>0</Usage>
      </FieldDefn>
      <Row index="0">
        <F>0</F>
        <F>1</F>
        <F>73358</F>
      </Row>
      <Row index="1">
        <F>1</F>
        <F>2</F>
        <F>191734</F>
      </Row>
      <Row index="2">
        <F>2</F>
        <F>3</F>
        <F>208588</F>
      </Row>
      <Row index="3">
        <F>3</F>
        <F>4</F>
        <F>152940</F>
      </Row>
      <Row index="4">
        <F>4</F>
        <F>5</F>
        <F>106345</F>
      </Row>
      <Row index="5">
        <F>5</F>
        <F>6</F>
        <F>77458</F>
      </Row>
      <Row index="6">
        <F>6</F>
        <F>7</F>
        <F>75507</F>
      </Row>
      <Row index="7">
        <F>7</F>
        <F>8</F>
        <F>106308</F>
      </Row>
      <Row index="8">
        <F>8</F>
        <F>9</F>
        <F>68200</F>
      </Row>
    </GDALRasterAttributeTable>
    <Metadata>
      <MDI key="SourceBandIndex">0</MDI>
      <MDI key="STATISTICS_COVARIANCES">5.613988527025719</MDI>
      <MDI key="STATISTICS_EXCLUDEDVALUES"></MDI>
      <MDI key="STATISTICS_MAXIMUM">9</MDI>
      <MDI key="STATISTICS_MEAN">4.4166995147288</MDI>
      <MDI key="STATISTICS_MINIMUM">1</MDI>
      <MDI key="STATISTICS_SKIPFACTORX">1</MDI>
      <MDI key="STATISTICS_SKIPFACTORY">1</MDI>
      <MDI key="STATISTICS_STDDEV">2.3693856855788</MDI>
    </Metadata>
  </PAMRasterBand>
</PAMDataset>
