<PAMDataset>
  <Metadata>
    <MDI key="DataType">Generic</MDI>
  </Metadata>
  <Metadata domain="Esri">
    <MDI key="PyramidResamplingType">NEAREST</MDI>
  </Metadata>
  <PAMRasterBand band="1">
    <Histograms>
      <HistItem>
        <HistMin>-0.5</HistMin>
        <HistMax>19.5</HistMax>
        <BucketCount>20</BucketCount>
        <IncludeOutOfRange>1</IncludeOutOfRange>
        <Approximate>0</Approximate>
        <HistCounts>0|913|713164|472|14945|0|145706|23326|174|39062|18899|0|21779|0|57915|0|0|0|12970|12375</HistCounts>
      </HistItem>
    </Histograms>
    <GDALRasterAttributeTable>
      <FieldDefn index="0">
        <Name>Rowid</Name>
        <Type>0</Type>
        <Usage>0</Usage>
      </FieldDefn>
      <FieldDefn index="1">
        <Name>VALUE</Name>
        <Type>0</Type>
        <Usage>0</Usage>
      </FieldDefn>
      <FieldDefn index="2">
        <Name>COUNT</Name>
        <Type>0</Type>
        <Usage>0</Usage>
      </FieldDefn>
      <FieldDefn index="3">
        <Name>S_VALUE</Name>
        <Type>2</Type>
        <Usage>0</Usage>
      </FieldDefn>
      <Row index="0">
        <F>0</F>
        <F>1</F>
        <F>913</F>
        <F>WATERBODY</F>
      </Row>
      <Row index="1">
        <F>1</F>
        <F>2</F>
        <F>713164</F>
        <F>WOODLAND</F>
      </Row>
      <Row index="2">
        <F>2</F>
        <F>3</F>
        <F>472</F>
        <F>BARE ROCK AND SOIL</F>
      </Row>
      <Row index="3">
        <F>3</F>
        <F>4</F>
        <F>14945</F>
        <F>CULTIVATED LAND: COMMERCIAL</F>
      </Row>
      <Row index="4">
        <F>4</F>
        <F>6</F>
        <F>145706</F>
        <F>THICKET AND BUSHLAND</F>
      </Row>
      <Row index="5">
        <F>5</F>
        <F>7</F>
        <F>23326</F>
        <F>DEGRADED: THICKET AND BUSHLAND</F>
      </Row>
      <Row index="6">
        <F>6</F>
        <F>8</F>
        <F>174</F>
        <F>BUILT-UP LAND - INDUSTRIAL</F>
      </Row>
      <Row index="7">
        <F>7</F>
        <F>9</F>
        <F>39062</F>
        <F>EXOTIC PLANTATIONS</F>
      </Row>
      <Row index="8">
        <F>8</F>
        <F>10</F>
        <F>18899</F>
        <F>BUILT-UP LAND - RESIDENTIAL</F>
      </Row>
      <Row index="9">
        <F>9</F>
        <F>12</F>
        <F>21779</F>
        <F>CULTIVATED LAND: SUBSISTANCE</F>
      </Row>
      <Row index="10">
        <F>10</F>
        <F>14</F>
        <F>57915</F>
        <F>DEGRADED: FOREST AND WOODLAND</F>
      </Row>
      <Row index="11">
        <F>11</F>
        <F>18</F>
        <F>12970</F>
        <F>GRASSLAND</F>
      </Row>
      <Row index="12">
        <F>12</F>
        <F>19</F>
        <F>12375</F>
        <F>INDIGENOUS FOREST</F>
      </Row>
    </GDALRasterAttributeTable>
    <Metadata>
      <MDI key="SourceBandIndex">0</MDI>
      <MDI key="STATISTICS_COVARIANCES">16.67359014502356</MDI>
      <MDI key="STATISTICS_EXCLUDEDVALUES"></MDI>
      <MDI key="STATISTICS_MAXIMUM">19</MDI>
      <MDI key="STATISTICS_MEAN">4.3408100216634</MDI>
      <MDI key="STATISTICS_MINIMUM">1</MDI>
      <MDI key="STATISTICS_SKIPFACTORX">1</MDI>
      <MDI key="STATISTICS_SKIPFACTORY">1</MDI>
      <MDI key="STATISTICS_STDDEV">4.0833307660565</MDI>
    </Metadata>
  </PAMRasterBand>
</PAMDataset>
