<?xml version="1.0" encoding="ISO-8859-1"?>
<metadata>
	<idinfo>
		<citation>
			<citeinfo>
				<origin>Peace Parks Foundation</origin>
				<pubdate>20050501</pubdate>
				<title Sync="TRUE">projectarea</title>
				<geoform Sync="TRUE">vector digital data</geoform>
				<serinfo>
					<sername>ESRI Virtual Campus course</sername>
					<issue>2005</issue>
				</serinfo>
				<pubinfo>
					<pubplace>Redlands, California, USA</pubplace>
					<publish>Environmental Systems Research Institute, Inc. (ESRI)</publish>
				</pubinfo>
				<othercit>ESRI Virtual Campus 2005</othercit>
				<onlink>http://www.peaceparks.org/</onlink>
				<ftname Sync="TRUE">projectarea</ftname></citeinfo>
		</citation>
		<descript>
			<abstract>
Project area boundary for fictional project.

This dataset was provided courtesy of the Peace Parks Foundation.</abstract>
			<purpose>The data and related materials are made available through ESRI Virtual Campus (http:\\campus.esri.com) and are intended for educational purposes only (see Use Constraints).</purpose>
			<langdata Sync="TRUE">en</langdata></descript>
		<timeperd>
			<timeinfo>
				<sngdate>
					<caldate>2005</caldate>
				</sngdate>
			</timeinfo>
			<current>publication date</current>
		</timeperd>
		<status>
			<progress>Complete</progress>
			<update>None planned</update>
		</status>
		<spdom>
			<bounding>
				<westbc Sync="TRUE">30.791840</westbc>
				<eastbc Sync="TRUE">32.039412</eastbc>
				<northbc Sync="TRUE">-24.110051</northbc>
				<southbc Sync="TRUE">-24.971922</southbc>
			</bounding>
			<lboundng><leftbc Sync="TRUE">684889.447548</leftbc><rightbc Sync="TRUE">805673.874974</rightbc><bottombc Sync="TRUE">-2722828.101536</bottombc><topbc Sync="TRUE">-2633076.478582</topbc></lboundng></spdom>
		<keywords>
			<theme>
				<themekey>boundary</themekey>
			</theme>
			<place>
				<placekey>South Africa</placekey>
			</place>
		</keywords>
		<accconst>None</accconst>
		<useconst>
Use of this Data is restricted to training, demonstration, and educational purposes only. This Data cannot be sold or used for marketing without the express written consent of the originator.

THE DATA AND RELATED MATERIALS MAY CONTAIN SOME NONCONFORMITIES, DEFECTS, OR ERRORS. ESRI DOES NOT WARRANT THAT THE DATA WILL MEET USER'S NEEDS OR EXPECTATIONS; THAT THE USE OF THE DATA WILL BE UNINTERRUPTED; OR THAT ALL NONCONFORMITIES, DEFECTS, OR ERRORS CAN OR WILL BE CORRECTED. ESRI IS NOT INVITING RELIANCE ON THIS DATA, AND THE USER SHOULD ALWAYS VERIFY ACTUAL DATA.

THE DATA AND RELATED MATERIALS ARE PROVIDED "AS-IS," WITHOUT WARRANTY OF ANY KIND, EITHER EXPRESS OR IMPLIED, INCLUDING, BUT NOT LIMITED TO, THE IMPLIED WARRANTIES OF MERCHANTABILITY AND FITNESS FOR A PARTICULAR PURPOSE.

IN NO EVENT SHALL ESRI AND/OR ITS LICENSOR(S) BE LIABLE FOR COSTS OF PROCUREMENT OF SUBSTITUTE GOODS OR SERVICES; LOST PROFITS, LOST SALES, OR BUSINESS EXPENDITURES, INVESTMENTS, OR COMMITMENTS IN CONNECTION WITH ANY BUSINESS; LOSS OF ANY GOODWILL; OR FOR ANY INDIRECT, SPECIAL, INCIDENTAL, EXEMPLARY, OR CONSEQUENTIAL DAMAGES ARISING OUT OF THIS AGREEMENT OR USE OF THE DATA AND RELATED MATERIALS, HOWEVER CAUSED, ON ANY THEORY OF LIABILITY, AND WHETHER OR NOT ESRI OR ITS LICENSOR(S) HAVE BEEN ADVISED OF THE POSSIBILITY OF SUCH DAMAGE. THESE LIMITATIONS SHALL APPLY NOTWITHSTANDING ANY FAILURE OF ESSENTIAL PURPOSE OF ANY EXCLUSIVE REMEDY.

In the event that the data vendor(s) has (have) granted the end user permission to redistribute the Geodata, please use proper proprietary or copyright attribution for the various data vendor(s), and provide the associated metadata file(s) with the Geodata. In compliance with FGDC metadata standards, ESRI has attempted to practice proper metadata methodologies by providing any data source information, descriptions, and file names to assist in this effort.
</useconst>
		<ptcontac>
			<cntinfo>
				<cntorgp>
					<cntorg>Environmental Systems Research Institute, Inc. (ESRI)</cntorg>
				</cntorgp>
				<cntpos>ESRI Virtual Campus</cntpos>
				<cntaddr>
					<addrtype>mailing and physical address</addrtype>
					<address>380 New York Street</address>
					<city>Redlands</city>
					<state>California</state>
					<postal>92373-8100</postal>
					<country>USA</country>
				</cntaddr>
				<cntvoice>909-793-2853</cntvoice>
				<cntfax>909-793-5953</cntfax>
				<cntemail>info@esri.com</cntemail>
				<hours>8:00 a.m.5:30 p.m. Pacific time, MondayFriday</hours>
				<cntinst>
In the United States-
Please direct all inquiries regarding software/data pricing and consulting services to your local ESRI Regional Office.  For support, you may contact Technical Support by telephone (voice) between 6:00 a.m. and 6:00 p.m. Pacific time, Monday through Friday, by dialing 909-793-3774; facsimile (fax) available at 909-792-0960; electronic mail (e-mail) support@esri.com; or visit http://support.esri.com; ESRI holidays excluded.

Outside the United States-
Please direct all inquiries regarding software/data pricing, sales, support, and consulting services to your local ESRI International Distributor.  This information can be found at http://gis.esri.com/intldist/contactint.cfm.

For other questions or comments, you may contact ESRI headquarters by e-mail, telephone, or fax or write to us.
</cntinst>
			</cntinfo>
		</ptcontac>
		<native Sync="TRUE">Microsoft Windows XP Version 5.1 (Build 2600) Service Pack 2; ESRI ArcCatalog 9.1.0.722</native>
		<natvform Sync="TRUE">Shapefile</natvform></idinfo>
	<dataqual>
		<lineage>
			<srcinfo>
				<srctime>
					<srccurr>publication date</srccurr>
				</srctime>
			</srcinfo>
		</lineage>
	</dataqual>
	<spdoinfo>
		<direct Sync="TRUE">Vector</direct>
		<rastinfo>
			<rasttype>Grid Cell</rasttype>
			<rowcount>899</rowcount>
			<colcount>1216</colcount>
			<vrtcount>1</vrtcount>
		</rastinfo>
		<ptvctinf><esriterm Name="projectarea"><efeatyp Sync="TRUE">Simple</efeatyp><efeageom Sync="TRUE">Polygon</efeageom><esritopo Sync="TRUE">FALSE</esritopo><efeacnt Sync="TRUE">1</efeacnt><spindex Sync="TRUE">TRUE</spindex><linrefer Sync="TRUE">FALSE</linrefer></esriterm><sdtsterm Name="projectarea"><sdtstype Sync="TRUE">G-polygon</sdtstype><ptvctcnt Sync="TRUE">1</ptvctcnt></sdtsterm></ptvctinf></spdoinfo>
	<spref>
		<horizsys>
			<planar>
				<planci>
					<plance Sync="TRUE">coordinate pair</plance>
					<coordrep>
						<absres Sync="TRUE">0.000256</absres>
						<ordres Sync="TRUE">0.000256</ordres>
					</coordrep>
					<plandu Sync="TRUE">meters</plandu>
				</planci>
				<mapproj><mapprojn Sync="TRUE">Albers Conical Equal Area</mapprojn><albers><stdparll Sync="TRUE">-18.000000</stdparll><stdparll Sync="TRUE">-32.000000</stdparll><longcm Sync="TRUE">24.000000</longcm><latprjo Sync="TRUE">0.000000</latprjo><feast Sync="TRUE">0.000000</feast><fnorth Sync="TRUE">0.000000</fnorth></albers></mapproj></planar>
			<geodetic>
				<horizdn Sync="TRUE">D_WGS_1984</horizdn>
				<ellips Sync="TRUE">WGS_1984</ellips>
				<semiaxis Sync="TRUE">6378137.000000</semiaxis>
				<denflat Sync="TRUE">298.257224</denflat>
			</geodetic>
			<cordsysn><geogcsn Sync="TRUE">GCS_WGS_1984</geogcsn><projcsn Sync="TRUE">Africa_Albers_Equal_Area_Conic</projcsn></cordsysn></horizsys>
	</spref>
	<eainfo>
		<detailed Name="projectarea">
			<enttyp>
				<enttypl Sync="TRUE">projectarea</enttypl>
				<enttypt Sync="TRUE">Feature Class</enttypt><enttypc Sync="TRUE">1</enttypc></enttyp>
			<attr><attrlabl Sync="TRUE">FID</attrlabl><attalias Sync="TRUE">FID</attalias><attrtype Sync="TRUE">OID</attrtype><attwidth Sync="TRUE">4</attwidth><atprecis Sync="TRUE">0</atprecis><attscale Sync="TRUE">0</attscale><attrdef Sync="TRUE">Internal feature number.</attrdef><attrdefs Sync="TRUE">ESRI</attrdefs><attrdomv><udom Sync="TRUE">Sequential unique whole numbers that are automatically generated.</udom></attrdomv></attr><attr><attrlabl Sync="TRUE">Shape</attrlabl><attalias Sync="TRUE">Shape</attalias><attrtype Sync="TRUE">Geometry</attrtype><attwidth Sync="TRUE">0</attwidth><atprecis Sync="TRUE">0</atprecis><attscale Sync="TRUE">0</attscale><attrdef Sync="TRUE">Feature geometry.</attrdef><attrdefs Sync="TRUE">ESRI</attrdefs><attrdomv><udom Sync="TRUE">Coordinates defining the features.</udom></attrdomv></attr><attr><attrlabl Sync="TRUE">ID</attrlabl><attalias Sync="TRUE">ID</attalias><attrtype Sync="TRUE">Number</attrtype><attwidth Sync="TRUE">11</attwidth></attr></detailed>
	</eainfo>
	<distinfo>
		<distrib>
			<cntinfo>
				<cntorgp>
					<cntorg>Environmental Systems Research Institute, Inc. (ESRI)</cntorg>
				</cntorgp>
				<cntaddr>
					<addrtype>mailing and physical address</addrtype>
					<address>380 New York Street</address>
					<city>Redlands</city>
					<state>California</state>
					<postal>92373-8100</postal>
					<country>USA</country>
				</cntaddr>
				<cntvoice>800-447-9778</cntvoice>
				<cntinst>
In the United States, contact the ESRI Telesales staff at 800-447-9778 for more information about our software and data.

Outside the United States, please direct all inquiries to your local ESRI International Distributor.  This information can be found at http://gis.esri.com/intldist/contactint.cfm.
</cntinst>
			</cntinfo>
		</distrib>
		<resdesc>Downloadable Data</resdesc>
		<distliab>See use constraints.</distliab>
		<stdorder>
			<digform>
				<digtinfo>
					<transize>0.458</transize>
					<dssize Sync="TRUE">0.001</dssize></digtinfo>
			</digform>
		</stdorder>
	</distinfo>
	<metainfo>
		<metd Sync="TRUE">20060402</metd>
		<metc>
			<cntinfo>
				<cntorgp>
					<cntorg>Environmental Systems Research Institute, Inc. (ESRI)</cntorg>
					<cntper>ESRI Virtual Campus</cntper>
				</cntorgp>
				<cntaddr>
					<addrtype>mailing and physical address</addrtype>
					<address>380 New York Street</address>
					<city>Redlands</city>
					<state>California</state>
					<postal>92373-8100</postal>
					<country>USA</country>
				</cntaddr>
				<cntvoice>909-793-2853</cntvoice>
				<cntfax>909-793-5953</cntfax>
				<cntemail>info@esri.com</cntemail>
				<hours>8:00 a.m.-5:30 p.m. Pacific time, Monday-Friday</hours>
			</cntinfo>
		</metc>
		<metstdn Sync="TRUE">FGDC Content Standards for Digital Geospatial Metadata</metstdn>
		<metstdv Sync="TRUE">FGDC-STD-001-1998</metstdv>
		<mettc Sync="TRUE">local time</mettc>
		<metextns>
			<onlink>http://www.esri.com/metadata/esriprof80.html</onlink>
			<metprof>ESRI Metadata Profile</metprof>
		</metextns>
		<metextns>
			<onlink>http://www.esri.com/metadata/esriprof80.html</onlink>
			<metprof>ESRI Metadata Profile</metprof>
		</metextns>
		<langmeta Sync="TRUE">en</langmeta><metextns><onlink Sync="TRUE">http://www.esri.com/metadata/esriprof80.html</onlink><metprof Sync="TRUE">ESRI Metadata Profile</metprof></metextns></metainfo>
	<Esri><MetaID>{A7C6BF7F-5A47-4873-B03F-6DD285EC4D00}</MetaID><CreaDate>20050425</CreaDate><CreaTime>13513700</CreaTime><SyncOnce>FALSE</SyncOnce><SyncDate>20060402</SyncDate><SyncTime>03501800</SyncTime><ModDate>20060402</ModDate><ModTime>03501800</ModTime></Esri><dataIdInfo><envirDesc Sync="TRUE">Microsoft Windows XP Version 5.1 (Build 2600) Service Pack 2; ESRI ArcCatalog 9.1.0.722</envirDesc><dataLang><languageCode Sync="TRUE" value="en"></languageCode></dataLang><idCitation><resTitle Sync="TRUE">projectarea</resTitle><presForm><PresFormCd Sync="TRUE" value="005"></PresFormCd></presForm></idCitation><spatRpType><SpatRepTypCd Sync="TRUE" value="001"></SpatRepTypCd></spatRpType><dataExt><geoEle><GeoBndBox esriExtentType="native"><westBL Sync="TRUE">684889.447548</westBL><eastBL Sync="TRUE">805673.874974</eastBL><northBL Sync="TRUE">-2633076.478582</northBL><southBL Sync="TRUE">-2722828.101536</southBL><exTypeCode Sync="TRUE">1</exTypeCode></GeoBndBox></geoEle></dataExt><geoBox esriExtentType="decdegrees"><westBL Sync="TRUE">30.79184</westBL><eastBL Sync="TRUE">32.039412</eastBL><northBL Sync="TRUE">-24.110051</northBL><southBL Sync="TRUE">-24.971922</southBL><exTypeCode Sync="TRUE">1</exTypeCode></geoBox></dataIdInfo><mdLang><languageCode Sync="TRUE" value="en"></languageCode></mdLang><mdStanName Sync="TRUE">ISO 19115 Geographic Information - Metadata</mdStanName><mdStanVer Sync="TRUE">DIS_ESRI1.0</mdStanVer><mdChar><CharSetCd Sync="TRUE" value="004"></CharSetCd></mdChar><mdHrLv><ScopeCd Sync="TRUE" value="005"></ScopeCd></mdHrLv><mdHrLvName Sync="TRUE">dataset</mdHrLvName><distInfo><distributor><distorTran><onLineSrc><orDesc Sync="TRUE">002</orDesc><linkage Sync="TRUE">file://\\GRANDCANYON\C$\Temp\lab9\VirtualCampus\NatRes\Analyze\SouthAfrica\projectarea.shp</linkage><protocol Sync="TRUE">Local Area Network</protocol></onLineSrc><transSize Sync="TRUE">0.001</transSize></distorTran><distorFormat><formatName Sync="TRUE">Shapefile</formatName></distorFormat></distributor></distInfo><refSysInfo><RefSystem><refSysID><identCode Sync="TRUE">Africa_Albers_Equal_Area_Conic</identCode></refSysID></RefSystem></refSysInfo><spatRepInfo><VectSpatRep><topLvl><TopoLevCd Sync="TRUE" value="001"></TopoLevCd></topLvl><geometObjs Name="projectarea"><geoObjTyp><GeoObjTypCd Sync="TRUE" value="001"></GeoObjTypCd></geoObjTyp><geoObjCnt Sync="TRUE">1</geoObjCnt></geometObjs></VectSpatRep></spatRepInfo><mdDateSt Sync="TRUE">20060402</mdDateSt></metadata>
